[
  {
    "id": "bf42c452-821a-4af6-8751-eb783223a728",
    "data": [
      {
        "text": "enter lift",
        "userDefined": false
      }
    ],
    "isTemplate": false,
    "count": 0,
    "updated": 1540542066
  },
  {
    "id": "1c7c8613-5b87-4ad9-a7bd-e495535c2f84",
    "data": [
      {
        "text": "enter elevator",
        "userDefined": false
      }
    ],
    "isTemplate": false,
    "count": 0,
    "updated": 1540542066
  },
  {
    "id": "70cfbd47-6835-4038-a5ea-92eb26dcd4f3",
    "data": [
      {
        "text": "left",
        "userDefined": false
      }
    ],
    "isTemplate": false,
    "count": 0,
    "updated": 1540542066
  },
  {
    "id": "a71de729-93e5-41f5-8a91-7f61e2675cb9",
    "data": [
      {
        "text": "go left",
        "userDefined": false
      }
    ],
    "isTemplate": false,
    "count": 0,
    "updated": 1540542066
  },
  {
    "id": "5d5dca2d-5025-4df8-a15c-d9df1118b3cd",
    "data": [
      {
        "text": "move to elevator",
        "userDefined": false
      }
    ],
    "isTemplate": false,
    "count": 0,
    "updated": 1540542066
  },
  {
    "id": "3c8b4dd9-5ba4-4735-8395-82371345f68c",
    "data": [
      {
        "text": "move to the elevator",
        "userDefined": false
      }
    ],
    "isTemplate": false,
    "count": 0,
    "updated": 1540542066
  },
  {
    "id": "86e26310-45cc-4da5-a7f3-8073c32f1658",
    "data": [
      {
        "text": "go to elevator",
        "userDefined": false
      }
    ],
    "isTemplate": false,
    "count": 0,
    "updated": 1540542066
  },
  {
    "id": "a0a8ea75-b577-4e30-ab6a-b4763cf249ae",
    "data": [
      {
        "text": "Go to the elevator",
        "userDefined": false
      }
    ],
    "isTemplate": false,
    "count": 0,
    "updated": 1540542066
  }
]