[
  {
    "id": "78dc792c-17bb-4090-bc6c-7dbb97241561",
    "data": [
      {
        "text": "left",
        "userDefined": false
      }
    ],
    "isTemplate": false,
    "count": 0,
    "updated": 1540542330
  },
  {
    "id": "acc40ded-5310-4f91-a5a9-5c7e92d55cda",
    "data": [
      {
        "text": "go to the elevator",
        "userDefined": false
      }
    ],
    "isTemplate": false,
    "count": 0,
    "updated": 1540542330
  },
  {
    "id": "a3c44d36-0251-4931-9820-bc9abf2866f4",
    "data": [
      {
        "text": "move to the elevator",
        "userDefined": false
      }
    ],
    "isTemplate": false,
    "count": 0,
    "updated": 1540542330
  },
  {
    "id": "de449834-4e67-4e79-9fe7-17f733df0a5d",
    "data": [
      {
        "text": "go to elevator",
        "userDefined": false
      }
    ],
    "isTemplate": false,
    "count": 0,
    "updated": 1540542330
  },
  {
    "id": "fa2258c4-70cb-4169-8a85-ac679c6bfa02",
    "data": [
      {
        "text": "move to elevator",
        "userDefined": false
      }
    ],
    "isTemplate": false,
    "count": 0,
    "updated": 1540542330
  },
  {
    "id": "3db6ed7f-2f67-4917-80a6-8036b9355db7",
    "data": [
      {
        "text": "go left",
        "userDefined": false
      }
    ],
    "isTemplate": false,
    "count": 0,
    "updated": 1540542330
  },
  {
    "id": "5d53a78f-27d2-4f40-9470-2a917bccd9b5",
    "data": [
      {
        "text": "enter elevator",
        "userDefined": false
      }
    ],
    "isTemplate": false,
    "count": 0,
    "updated": 1540542330
  },
  {
    "id": "6a30ffc1-a441-4a31-83b5-fef1566ec9bd",
    "data": [
      {
        "text": "enter lift",
        "userDefined": false
      }
    ],
    "isTemplate": false,
    "count": 0,
    "updated": 1540542330
  }
]