[
  {
    "id": "f81e2769-9906-49a3-963c-67ebaf52b5c4",
    "data": [
      {
        "text": "move to reception",
        "userDefined": false
      }
    ],
    "isTemplate": false,
    "count": 0,
    "updated": 1540542537
  },
  {
    "id": "cca8a303-5d79-4ee6-8210-16c50335fe3d",
    "data": [
      {
        "text": "move to the reception",
        "userDefined": false
      }
    ],
    "isTemplate": false,
    "count": 0,
    "updated": 1540542537
  },
  {
    "id": "dc3d05e1-79a4-4000-8698-962cdd389950",
    "data": [
      {
        "text": "exit lift",
        "userDefined": false
      }
    ],
    "isTemplate": false,
    "count": 0,
    "updated": 1540542537
  },
  {
    "id": "d48e47b5-72a6-4acf-9f97-540e07a4531e",
    "data": [
      {
        "text": "exit elevator",
        "userDefined": false
      }
    ],
    "isTemplate": false,
    "count": 0,
    "updated": 1540542537
  },
  {
    "id": "2dda130b-221e-4989-806d-a8b6c48a6f49",
    "data": [
      {
        "text": "go to the reception",
        "userDefined": false
      }
    ],
    "isTemplate": false,
    "count": 0,
    "updated": 1540542537
  },
  {
    "id": "f55eed51-bc07-4dc7-b74a-6fa304402743",
    "data": [
      {
        "text": "go to reception",
        "userDefined": false
      }
    ],
    "isTemplate": false,
    "count": 0,
    "updated": 1540542537
  },
  {
    "id": "259f90b0-a28f-4738-8ae4-506366f48050",
    "data": [
      {
        "text": "go to the right",
        "userDefined": false
      }
    ],
    "isTemplate": false,
    "count": 0,
    "updated": 1540542537
  },
  {
    "id": "2fab63de-b749-4788-89d9-2fc18bce612b",
    "data": [
      {
        "text": "go right",
        "userDefined": false
      }
    ],
    "isTemplate": false,
    "count": 0,
    "updated": 1540542537
  },
  {
    "id": "df024427-6bf1-4e4d-9f31-618686ef110d",
    "data": [
      {
        "text": "right",
        "userDefined": false
      }
    ],
    "isTemplate": false,
    "count": 0,
    "updated": 1540542537
  }
]