[
  {
    "id": "8d4e0481-17ae-4817-8473-9e5220676d10",
    "data": [
      {
        "text": "fetch flashlight",
        "userDefined": false
      }
    ],
    "isTemplate": false,
    "count": 0,
    "updated": 1540541749
  },
  {
    "id": "341872ab-1abf-42a7-8d7a-b96908e6ac89",
    "data": [
      {
        "text": "get flashlight",
        "userDefined": false
      }
    ],
    "isTemplate": false,
    "count": 0,
    "updated": 1540541749
  },
  {
    "id": "0701bf3e-0654-43c1-8322-291c0f171e08",
    "data": [
      {
        "text": "pick up flashlight",
        "userDefined": false
      }
    ],
    "isTemplate": false,
    "count": 0,
    "updated": 1540541749
  }
]